{"name":"basic_potion","initCost":4.730000019073486,"initValue":1.5,"modifier":1.0199999809265137,"level":215,"materials":["material1","material2"]}
